score,time,status,gap,solver_internal_gap,run_id,solver
550.1,600.0,T/O,0.0010075001570543163,5506.547847821507,0,CBC
550.1,599.5396635532379,FEAS,0.0010075001570543163,5506.547847821507,1,CBC
550.1,599.3384644985199,FEAS,0.0010075001570543163,5506.547847821507,2,CBC
550.1,599.9075601100922,FEAS,0.0010075001570543163,5506.547847821507,3,CBC
550.1,600.0,T/O,0.0010075001570543163,5506.547847821507,4,CBC
550.1,599.1498591899872,FEAS,0.0010075001570543163,5506.547847821507,5,CBC
550.1,600.0,T/O,0.0010075001570543163,5506.547847821507,6,CBC
550.1,599.5648696422577,FEAS,0.0010075001570543163,5506.547847821507,7,CBC
