score,gap,time,status,run_id
371.4,61.61240310077519,1200.612266778946,FEASIBLE,0
371.4,61.61240310077519,1200.6924633979797,FEASIBLE,1
